period,cutoff,split,model,method,pipeline_weight,actual,forecast,pipeline,region,selected
2025-09-01,2025-08-31,validation,MA3 + 0% pipeline,MA3,0.0,243180117.71,274316408.34999996,341789077.02001035,East,False
2025-09-01,2025-08-31,validation,MA3 + 25% pipeline,MA3,0.25,243180117.71,291184575.51750255,341789077.02001035,East,False
2025-09-01,2025-08-31,validation,MA3 + 50% pipeline,MA3,0.5,243180117.71,308052742.6850052,341789077.02001035,East,False
2025-09-01,2025-08-31,validation,SES + 0% pipeline,SES,0.0,243180117.71,253409493.4388274,341789077.02001035,East,False
2025-09-01,2025-08-31,validation,SES + 25% pipeline,SES,0.25,243180117.71,275504389.33412313,341789077.02001035,East,False
2025-09-01,2025-08-31,validation,SES + 50% pipeline,SES,0.5,243180117.71,297599285.2294189,341789077.02001035,East,False
2025-09-01,2025-08-31,validation,Seasonal naive + 0% pipeline,Seasonal naive,0.0,243180117.71,228840903.93,341789077.02001035,East,False
2025-09-01,2025-08-31,validation,Seasonal naive + 25% pipeline,Seasonal naive,0.25,243180117.71,257077947.20250258,341789077.02001035,East,True
2025-09-01,2025-08-31,validation,Seasonal naive + 50% pipeline,Seasonal naive,0.5,243180117.71,285314990.47500515,341789077.02001035,East,False
2025-10-01,2025-09-30,validation,MA3 + 0% pipeline,MA3,0.0,193273704.69,261533282.88333336,312140170.4728509,East,False
2025-10-01,2025-09-30,validation,MA3 + 25% pipeline,MA3,0.25,193273704.69,274185004.7807127,312140170.4728509,East,False
2025-10-01,2025-09-30,validation,MA3 + 50% pipeline,MA3,0.5,193273704.69,286836726.6780921,312140170.4728509,East,False
2025-10-01,2025-09-30,validation,SES + 0% pipeline,SES,0.0,193273704.69,250340680.72017917,312140170.4728509,East,False
2025-10-01,2025-09-30,validation,SES + 25% pipeline,SES,0.25,193273704.69,265790553.1583471,312140170.4728509,East,False
2025-10-01,2025-09-30,validation,SES + 50% pipeline,SES,0.5,193273704.69,281240425.59651506,312140170.4728509,East,False
2025-10-01,2025-09-30,validation,Seasonal naive + 0% pipeline,Seasonal naive,0.0,193273704.69,218423602.43,312140170.4728509,East,False
2025-10-01,2025-09-30,validation,Seasonal naive + 25% pipeline,Seasonal naive,0.25,193273704.69,241852744.44071272,312140170.4728509,East,True
2025-10-01,2025-09-30,validation,Seasonal naive + 50% pipeline,Seasonal naive,0.5,193273704.69,265281886.45142546,312140170.4728509,East,False
2025-11-01,2025-10-31,validation,MA3 + 0% pipeline,MA3,0.0,218104084.06,221586823.19666663,307114334.594523,East,False
2025-11-01,2025-10-31,validation,MA3 + 25% pipeline,MA3,0.25,218104084.06,242968701.04613072,307114334.594523,East,False
2025-11-01,2025-10-31,validation,MA3 + 50% pipeline,MA3,0.5,218104084.06,264350578.89559484,307114334.594523,East,False
2025-11-01,2025-10-31,validation,SES + 0% pipeline,SES,0.0,218104084.06,233220587.91112542,307114334.594523,East,False
2025-11-01,2025-10-31,validation,SES + 25% pipeline,SES,0.25,218104084.06,251694024.5819748,307114334.594523,East,False
2025-11-01,2025-10-31,validation,SES + 50% pipeline,SES,0.5,218104084.06,270167461.2528242,307114334.594523,East,False
2025-11-01,2025-10-31,validation,Seasonal naive + 0% pipeline,Seasonal naive,0.0,218104084.06,199260170.94,307114334.594523,East,False
2025-11-01,2025-10-31,validation,Seasonal naive + 25% pipeline,Seasonal naive,0.25,218104084.06,226223711.85363072,307114334.594523,East,True
2025-11-01,2025-10-31,validation,Seasonal naive + 50% pipeline,Seasonal naive,0.5,218104084.06,253187252.7672615,307114334.594523,East,False
2025-12-01,2025-11-30,validation,MA3 + 0% pipeline,MA3,0.0,190327837.53,218185968.82000002,287054063.8782312,East,False
2025-12-01,2025-11-30,validation,MA3 + 25% pipeline,MA3,0.25,190327837.53,235402992.58455783,287054063.8782312,East,False
2025-12-01,2025-11-30,validation,MA3 + 50% pipeline,MA3,0.5,190327837.53,252620016.3491156,287054063.8782312,East,False
2025-12-01,2025-11-30,validation,SES + 0% pipeline,SES,0.0,190327837.53,228685636.7557878,287054063.8782312,East,False
2025-12-01,2025-11-30,validation,SES + 25% pipeline,SES,0.25,190327837.53,243277743.53639865,287054063.8782312,East,False
2025-12-01,2025-11-30,validation,SES + 50% pipeline,SES,0.5,190327837.53,257869850.3170095,287054063.8782312,East,False
2025-12-01,2025-11-30,validation,Seasonal naive + 0% pipeline,Seasonal naive,0.0,190327837.53,210135058.41,287054063.8782312,East,False
2025-12-01,2025-11-30,validation,Seasonal naive + 25% pipeline,Seasonal naive,0.25,190327837.53,229364809.77705783,287054063.8782312,East,True
2025-12-01,2025-11-30,validation,Seasonal naive + 50% pipeline,Seasonal naive,0.5,190327837.53,248594561.14411563,287054063.8782312,East,False
2026-01-01,2025-12-31,validation,MA3 + 0% pipeline,MA3,0.0,189863125.85999998,200568542.09333333,317758489.5019387,East,False
2026-01-01,2025-12-31,validation,MA3 + 25% pipeline,MA3,0.25,189863125.85999998,229866028.94548467,317758489.5019387,East,False
2026-01-01,2025-12-31,validation,MA3 + 50% pipeline,MA3,0.5,189863125.85999998,259163515.79763603,317758489.5019387,East,False
2026-01-01,2025-12-31,validation,SES + 0% pipeline,SES,0.0,189863125.85999998,217178296.98805144,317758489.5019387,East,False
2026-01-01,2025-12-31,validation,SES + 25% pipeline,SES,0.25,189863125.85999998,242323345.11652327,317758489.5019387,East,False
2026-01-01,2025-12-31,validation,SES + 50% pipeline,SES,0.5,189863125.85999998,267468393.24499506,317758489.5019387,East,False
2026-01-01,2025-12-31,validation,Seasonal naive + 0% pipeline,Seasonal naive,0.0,189863125.85999998,162710102.88,317758489.5019387,East,False
2026-01-01,2025-12-31,validation,Seasonal naive + 25% pipeline,Seasonal naive,0.25,189863125.85999998,201472199.53548467,317758489.5019387,East,True
2026-01-01,2025-12-31,validation,Seasonal naive + 50% pipeline,Seasonal naive,0.5,189863125.85999998,240234296.19096935,317758489.5019387,East,False
2026-02-01,2026-01-31,validation,MA3 + 0% pipeline,MA3,0.0,214011662.73,199431682.48333335,290658688.1988376,East,False
2026-02-01,2026-01-31,validation,MA3 + 25% pipeline,MA3,0.25,214011662.73,222238433.9122094,290658688.1988376,East,False
2026-02-01,2026-01-31,validation,MA3 + 50% pipeline,MA3,0.5,214011662.73,245045185.34108546,290658688.1988376,East,False
2026-02-01,2026-01-31,validation,SES + 0% pipeline,SES,0.0,214011662.73,208983745.649636,290658688.1988376,East,False
2026-02-01,2026-01-31,validation,SES + 25% pipeline,SES,0.25,214011662.73,229402481.2869364,290658688.1988376,East,False
2026-02-01,2026-01-31,validation,SES + 50% pipeline,SES,0.5,214011662.73,249821216.92423677,290658688.1988376,East,False
2026-02-01,2026-01-31,validation,Seasonal naive + 0% pipeline,Seasonal naive,0.0,214011662.73,166816792.69,290658688.1988376,East,False
2026-02-01,2026-01-31,validation,Seasonal naive + 25% pipeline,Seasonal naive,0.25,214011662.73,197777266.5672094,290658688.1988376,East,True
2026-02-01,2026-01-31,validation,Seasonal naive + 50% pipeline,Seasonal naive,0.5,214011662.73,228737740.4444188,290658688.1988376,East,False
2026-03-01,2026-02-28,test,MA3 + 0% pipeline,MA3,0.0,211314709.6,198067542.04,340105710.6738264,East,False
2026-03-01,2026-02-28,test,MA3 + 25% pipeline,MA3,0.25,211314709.6,233577084.1984566,340105710.6738264,East,False
2026-03-01,2026-02-28,test,MA3 + 50% pipeline,MA3,0.5,211314709.6,269086626.3569132,340105710.6738264,East,False
2026-03-01,2026-02-28,test,SES + 0% pipeline,SES,0.0,211314709.6,210492120.77374518,340105710.6738264,East,False
2026-03-01,2026-02-28,test,SES + 25% pipeline,SES,0.25,211314709.6,242895518.24876547,340105710.6738264,East,False
2026-03-01,2026-02-28,test,SES + 50% pipeline,SES,0.5,211314709.6,275298915.72378576,340105710.6738264,East,False
2026-03-01,2026-02-28,test,Seasonal naive + 0% pipeline,Seasonal naive,0.0,211314709.6,225491200.29,340105710.6738264,East,False
2026-03-01,2026-02-28,test,Seasonal naive + 25% pipeline,Seasonal naive,0.25,211314709.6,254144827.8859566,340105710.6738264,East,True
2026-03-01,2026-02-28,test,Seasonal naive + 50% pipeline,Seasonal naive,0.5,211314709.6,282798455.4819132,340105710.6738264,East,False
2026-04-01,2026-03-31,test,MA3 + 0% pipeline,MA3,0.0,231257541.38,205063166.0633333,353831719.3553724,East,False
2026-04-01,2026-03-31,test,MA3 + 25% pipeline,MA3,0.25,231257541.38,242255304.3863431,353831719.3553724,East,False
2026-04-01,2026-03-31,test,MA3 + 50% pipeline,MA3,0.5,231257541.38,279447442.70935285,353831719.3553724,East,False
2026-04-01,2026-03-31,test,SES + 0% pipeline,SES,0.0,231257541.38,210738897.42162162,353831719.3553724,East,False
2026-04-01,2026-03-31,test,SES + 25% pipeline,SES,0.25,231257541.38,246512102.90505934,353831719.3553724,East,False
2026-04-01,2026-03-31,test,SES + 50% pipeline,SES,0.5,231257541.38,282285308.388497,353831719.3553724,East,False
2026-04-01,2026-03-31,test,Seasonal naive + 0% pipeline,Seasonal naive,0.0,231257541.38,206661386.29,353831719.3553724,East,False
2026-04-01,2026-03-31,test,Seasonal naive + 25% pipeline,Seasonal naive,0.25,231257541.38,243453969.5563431,353831719.3553724,East,True
2026-04-01,2026-03-31,test,Seasonal naive + 50% pipeline,Seasonal naive,0.5,231257541.38,280246552.8226862,353831719.3553724,East,False
2026-05-01,2026-04-30,test,MA3 + 0% pipeline,MA3,0.0,290847563.37,218861304.57000002,421015012.11618423,East,False
2026-05-01,2026-04-30,test,MA3 + 25% pipeline,MA3,0.25,290847563.37,269399731.45654607,421015012.11618423,East,False
2026-05-01,2026-04-30,test,MA3 + 50% pipeline,MA3,0.5,290847563.37,319938158.34309214,421015012.11618423,East,False
2026-05-01,2026-04-30,test,SES + 0% pipeline,SES,0.0,290847563.37,216894490.6091351,421015012.11618423,East,False
2026-05-01,2026-04-30,test,SES + 25% pipeline,SES,0.25,290847563.37,267924620.98589736,421015012.11618423,East,False
2026-05-01,2026-04-30,test,SES + 50% pipeline,SES,0.5,290847563.37,318954751.3626597,421015012.11618423,East,False
2026-05-01,2026-04-30,test,Seasonal naive + 0% pipeline,Seasonal naive,0.0,290847563.37,283756917.29,421015012.11618423,East,False
2026-05-01,2026-04-30,test,Seasonal naive + 25% pipeline,Seasonal naive,0.25,290847563.37,318071440.9965461,421015012.11618423,East,True
2026-05-01,2026-04-30,test,Seasonal naive + 50% pipeline,Seasonal naive,0.5,290847563.37,352385964.7030921,421015012.11618423,East,False
2026-06-01,2026-05-31,test,MA3 + 0% pipeline,MA3,0.0,309013128.61,244473271.45000002,416792329.33511513,East,False
2026-06-01,2026-05-31,test,MA3 + 25% pipeline,MA3,0.25,309013128.61,287553035.9212788,416792329.33511513,East,False
2026-06-01,2026-05-31,test,MA3 + 50% pipeline,MA3,0.5,309013128.61,330632800.39255756,416792329.33511513,East,False
2026-06-01,2026-05-31,test,SES + 0% pipeline,SES,0.0,309013128.61,239080412.43739456,416792329.33511513,East,False
2026-06-01,2026-05-31,test,SES + 25% pipeline,SES,0.25,309013128.61,283508391.6618247,416792329.33511513,East,False
2026-06-01,2026-05-31,test,SES + 50% pipeline,SES,0.5,309013128.61,327936370.88625485,416792329.33511513,East,False
2026-06-01,2026-05-31,test,Seasonal naive + 0% pipeline,Seasonal naive,0.0,309013128.61,281529494.11,416792329.33511513,East,False
2026-06-01,2026-05-31,test,Seasonal naive + 25% pipeline,Seasonal naive,0.25,309013128.61,315345202.9162788,416792329.33511513,East,True
2026-06-01,2026-05-31,test,Seasonal naive + 50% pipeline,Seasonal naive,0.5,309013128.61,349160911.72255754,416792329.33511513,East,False
2026-07-01,2026-06-30,test,MA3 + 0% pipeline,MA3,0.0,322016092.07,277039411.12,433810093.6044718,East,False
2026-07-01,2026-06-30,test,MA3 + 25% pipeline,MA3,0.25,322016092.07,316232081.74111795,433810093.6044718,East,False
2026-07-01,2026-06-30,test,MA3 + 50% pipeline,MA3,0.5,322016092.07,355424752.3622359,433810093.6044718,East,False
2026-07-01,2026-06-30,test,SES + 0% pipeline,SES,0.0,322016092.07,260060227.2891762,433810093.6044718,East,False
2026-07-01,2026-06-30,test,SES + 25% pipeline,SES,0.25,322016092.07,303497693.8680001,433810093.6044718,East,False
2026-07-01,2026-06-30,test,SES + 50% pipeline,SES,0.5,322016092.07,346935160.446824,433810093.6044718,East,False
2026-07-01,2026-06-30,test,Seasonal naive + 0% pipeline,Seasonal naive,0.0,322016092.07,313113083.75,433810093.6044718,East,False
2026-07-01,2026-06-30,test,Seasonal naive + 25% pipeline,Seasonal naive,0.25,322016092.07,343287336.2136179,433810093.6044718,East,True
2026-07-01,2026-06-30,test,Seasonal naive + 50% pipeline,Seasonal naive,0.5,322016092.07,373461588.6772359,433810093.6044718,East,False
2026-08-01,2026-07-31,test,MA3 + 0% pipeline,MA3,0.0,337762525.11,307292261.34999996,430014165.2687741,East,False
2026-08-01,2026-07-31,test,MA3 + 25% pipeline,MA3,0.25,337762525.11,337972737.3296935,430014165.2687741,East,False
2026-08-01,2026-07-31,test,MA3 + 50% pipeline,MA3,0.5,337762525.11,368653213.309387,430014165.2687741,East,False
2026-08-01,2026-07-31,test,SES + 0% pipeline,SES,0.0,337762525.11,278646986.72342336,430014165.2687741,East,False
2026-08-01,2026-07-31,test,SES + 25% pipeline,SES,0.25,337762525.11,316488781.35976106,430014165.2687741,East,False
2026-08-01,2026-07-31,test,SES + 50% pipeline,SES,0.5,337762525.11,354330575.99609876,430014165.2687741,East,False
2026-08-01,2026-07-31,test,Seasonal naive + 0% pipeline,Seasonal naive,0.0,337762525.11,228306647.19,430014165.2687741,East,False
2026-08-01,2026-07-31,test,Seasonal naive + 25% pipeline,Seasonal naive,0.25,337762525.11,278733526.7096935,430014165.2687741,East,True
2026-08-01,2026-07-31,test,Seasonal naive + 50% pipeline,Seasonal naive,0.5,337762525.11,329160406.22938704,430014165.2687741,East,False
2025-09-01,2025-08-31,validation,MA3 + 0% pipeline,MA3,0.0,244378902.69,277647471.08,367490183.69889873,North,False
2025-09-01,2025-08-31,validation,MA3 + 25% pipeline,MA3,0.25,244378902.69,300108149.2347247,367490183.69889873,North,False
2025-09-01,2025-08-31,validation,MA3 + 50% pipeline,MA3,0.5,244378902.69,322568827.38944936,367490183.69889873,North,False
2025-09-01,2025-08-31,validation,SES + 0% pipeline,SES,0.0,244378902.69,258772085.10161623,367490183.69889873,North,False
2025-09-01,2025-08-31,validation,SES + 25% pipeline,SES,0.25,244378902.69,285951609.75093687,367490183.69889873,North,False
2025-09-01,2025-08-31,validation,SES + 50% pipeline,SES,0.5,244378902.69,313131134.40025747,367490183.69889873,North,False
2025-09-01,2025-08-31,validation,Seasonal naive + 0% pipeline,Seasonal naive,0.0,244378902.69,226859180.84,367490183.69889873,North,True
2025-09-01,2025-08-31,validation,Seasonal naive + 25% pipeline,Seasonal naive,0.25,244378902.69,262016931.5547247,367490183.69889873,North,False
2025-09-01,2025-08-31,validation,Seasonal naive + 50% pipeline,Seasonal naive,0.5,244378902.69,297174682.26944935,367490183.69889873,North,False
2025-10-01,2025-09-30,validation,MA3 + 0% pipeline,MA3,0.0,215982256.79,285385253.8566666,324179782.1163638,North,False
2025-10-01,2025-09-30,validation,MA3 + 25% pipeline,MA3,0.25,215982256.79,295083885.9215909,324179782.1163638,North,False
2025-10-01,2025-09-30,validation,MA3 + 50% pipeline,MA3,0.5,215982256.79,304782517.9865152,324179782.1163638,North,False
2025-10-01,2025-09-30,validation,SES + 0% pipeline,SES,0.0,215982256.79,254454130.37813133,324179782.1163638,North,False
2025-10-01,2025-09-30,validation,SES + 25% pipeline,SES,0.25,215982256.79,271885543.3126894,324179782.1163638,North,False
2025-10-01,2025-09-30,validation,SES + 50% pipeline,SES,0.5,215982256.79,289316956.2472476,324179782.1163638,North,False
2025-10-01,2025-09-30,validation,Seasonal naive + 0% pipeline,Seasonal naive,0.0,215982256.79,206019679.3,324179782.1163638,North,True
2025-10-01,2025-09-30,validation,Seasonal naive + 25% pipeline,Seasonal naive,0.25,215982256.79,235559705.00409096,324179782.1163638,North,False
2025-10-01,2025-09-30,validation,Seasonal naive + 50% pipeline,Seasonal naive,0.5,215982256.79,265099730.70818192,324179782.1163638,North,False
2025-11-01,2025-10-31,validation,MA3 + 0% pipeline,MA3,0.0,189806431.17,244745221.71666667,309196256.00896186,North,False
2025-11-01,2025-10-31,validation,MA3 + 25% pipeline,MA3,0.25,189806431.17,260857980.28974044,309196256.00896186,North,False
2025-11-01,2025-10-31,validation,MA3 + 50% pipeline,MA3,0.5,189806431.17,276970738.86281425,309196256.00896186,North,False
2025-11-01,2025-10-31,validation,SES + 0% pipeline,SES,0.0,189806431.17,242912568.30169192,309196256.00896186,North,False
2025-11-01,2025-10-31,validation,SES + 25% pipeline,SES,0.25,189806431.17,259483490.22850943,309196256.00896186,North,False
2025-11-01,2025-10-31,validation,SES + 50% pipeline,SES,0.5,189806431.17,276054412.1553269,309196256.00896186,North,False
2025-11-01,2025-10-31,validation,Seasonal naive + 0% pipeline,Seasonal naive,0.0,189806431.17,192695094.7,309196256.00896186,North,True
2025-11-01,2025-10-31,validation,Seasonal naive + 25% pipeline,Seasonal naive,0.25,189806431.17,221820385.02724046,309196256.00896186,North,False
2025-11-01,2025-10-31,validation,Seasonal naive + 50% pipeline,Seasonal naive,0.5,189806431.17,250945675.35448092,309196256.00896186,North,False
2025-12-01,2025-11-30,validation,MA3 + 0% pipeline,MA3,0.0,201106327.04,216722530.21666667,318549448.0067456,North,False
2025-12-01,2025-11-30,validation,MA3 + 25% pipeline,MA3,0.25,201106327.04,242179259.6641864,318549448.0067456,North,False
2025-12-01,2025-11-30,validation,MA3 + 50% pipeline,MA3,0.5,201106327.04,267635989.11170614,318549448.0067456,North,False
2025-12-01,2025-11-30,validation,SES + 0% pipeline,SES,0.0,201106327.04,226980727.16218436,318549448.0067456,North,False
2025-12-01,2025-11-30,validation,SES + 25% pipeline,SES,0.25,201106327.04,249872907.37332466,318549448.0067456,North,False
2025-12-01,2025-11-30,validation,SES + 50% pipeline,SES,0.5,201106327.04,272765087.58446497,318549448.0067456,North,False
2025-12-01,2025-11-30,validation,Seasonal naive + 0% pipeline,Seasonal naive,0.0,201106327.04,191175981.41,318549448.0067456,North,True
2025-12-01,2025-11-30,validation,Seasonal naive + 25% pipeline,Seasonal naive,0.25,201106327.04,223019348.0591864,318549448.0067456,North,False
2025-12-01,2025-11-30,validation,Seasonal naive + 50% pipeline,Seasonal naive,0.5,201106327.04,254862714.70837277,318549448.0067456,North,False
2026-01-01,2025-12-31,validation,MA3 + 0% pipeline,MA3,0.0,217481696.74,202298338.33333334,322206005.8122232,North,False
2026-01-01,2025-12-31,validation,MA3 + 25% pipeline,MA3,0.25,217481696.74,232275255.2030558,322206005.8122232,North,False
2026-01-01,2025-12-31,validation,MA3 + 50% pipeline,MA3,0.5,217481696.74,262252172.07277828,322206005.8122232,North,False
2026-01-01,2025-12-31,validation,SES + 0% pipeline,SES,0.0,217481696.74,219218407.12552902,322206005.8122232,North,False
2026-01-01,2025-12-31,validation,SES + 25% pipeline,SES,0.25,217481696.74,244965306.79720256,322206005.8122232,North,False
2026-01-01,2025-12-31,validation,SES + 50% pipeline,SES,0.5,217481696.74,270712206.4688761,322206005.8122232,North,False
2026-01-01,2025-12-31,validation,Seasonal naive + 0% pipeline,Seasonal naive,0.0,217481696.74,179203276.37,322206005.8122232,North,True
2026-01-01,2025-12-31,validation,Seasonal naive + 25% pipeline,Seasonal naive,0.25,217481696.74,214953958.7305558,322206005.8122232,North,False
2026-01-01,2025-12-31,validation,Seasonal naive + 50% pipeline,Seasonal naive,0.5,217481696.74,250704641.0911116,322206005.8122232,North,False
2026-02-01,2026-01-31,validation,MA3 + 0% pipeline,MA3,0.0,172146382.35,202798151.65,283993172.24914145,North,False
2026-02-01,2026-01-31,validation,MA3 + 25% pipeline,MA3,0.25,172146382.35,223096906.79978538,283993172.24914145,North,False
2026-02-01,2026-01-31,validation,MA3 + 50% pipeline,MA3,0.5,172146382.35,243395661.94957072,283993172.24914145,North,False
2026-02-01,2026-01-31,validation,SES + 0% pipeline,SES,0.0,172146382.35,218697394.0098703,283993172.24914145,North,False
2026-02-01,2026-01-31,validation,SES + 25% pipeline,SES,0.25,172146382.35,235021338.56968808,283993172.24914145,North,False
2026-02-01,2026-01-31,validation,SES + 50% pipeline,SES,0.5,172146382.35,251345283.12950587,283993172.24914145,North,False
2026-02-01,2026-01-31,validation,Seasonal naive + 0% pipeline,Seasonal naive,0.0,172146382.35,160518706.35999998,283993172.24914145,North,True
2026-02-01,2026-01-31,validation,Seasonal naive + 25% pipeline,Seasonal naive,0.25,172146382.35,191387322.83228534,283993172.24914145,North,False
2026-02-01,2026-01-31,validation,Seasonal naive + 50% pipeline,Seasonal naive,0.5,172146382.35,222255939.30457073,283993172.24914145,North,False
2026-03-01,2026-02-28,test,MA3 + 0% pipeline,MA3,0.0,289903306.67,196911468.71,378140949.0974708,North,False
2026-03-01,2026-02-28,test,MA3 + 25% pipeline,MA3,0.25,289903306.67,242218838.80686772,378140949.0974708,North,False
2026-03-01,2026-02-28,test,MA3 + 50% pipeline,MA3,0.5,289903306.67,287526208.9037354,378140949.0974708,North,False
2026-03-01,2026-02-28,test,SES + 0% pipeline,SES,0.0,289903306.67,204732090.5119092,378140949.0974708,North,False
2026-03-01,2026-02-28,test,SES + 25% pipeline,SES,0.25,289903306.67,248084305.15829957,378140949.0974708,North,False
2026-03-01,2026-02-28,test,SES + 50% pipeline,SES,0.5,289903306.67,291436519.80469,378140949.0974708,North,False
2026-03-01,2026-02-28,test,Seasonal naive + 0% pipeline,Seasonal naive,0.0,289903306.67,215309226.95,378140949.0974708,North,True
2026-03-01,2026-02-28,test,Seasonal naive + 25% pipeline,Seasonal naive,0.25,289903306.67,256017157.48686767,378140949.0974708,North,False
2026-03-01,2026-02-28,test,Seasonal naive + 50% pipeline,Seasonal naive,0.5,289903306.67,296725088.0237354,378140949.0974708,North,False
2026-04-01,2026-03-31,test,MA3 + 0% pipeline,MA3,0.0,248614735.72,226510461.92,358512930.50464815,North,False
2026-04-01,2026-03-31,test,MA3 + 25% pipeline,MA3,0.25,248614735.72,259511079.06616205,358512930.50464815,North,False
2026-04-01,2026-03-31,test,MA3 + 50% pipeline,MA3,0.5,248614735.72,292511696.2123241,358512930.50464815,North,False
2026-04-01,2026-03-31,test,SES + 0% pipeline,SES,0.0,248614735.72,230283455.35933644,358512930.50464815,North,False
2026-04-01,2026-03-31,test,SES + 25% pipeline,SES,0.25,248614735.72,262340824.1456644,358512930.50464815,North,False
2026-04-01,2026-03-31,test,SES + 50% pipeline,SES,0.5,248614735.72,294398192.9319923,358512930.50464815,North,False
2026-04-01,2026-03-31,test,Seasonal naive + 0% pipeline,Seasonal naive,0.0,248614735.72,216213484.12,358512930.50464815,North,True
2026-04-01,2026-03-31,test,Seasonal naive + 25% pipeline,Seasonal naive,0.25,248614735.72,251788345.71616203,358512930.50464815,North,False
2026-04-01,2026-03-31,test,Seasonal naive + 50% pipeline,Seasonal naive,0.5,248614735.72,287363207.31232405,358512930.50464815,North,False
2026-05-01,2026-04-30,test,MA3 + 0% pipeline,MA3,0.0,348410680.62,236888141.58,419601449.2650345,North,False
2026-05-01,2026-04-30,test,MA3 + 25% pipeline,MA3,0.25,348410680.62,282566468.5012586,419601449.2650345,North,False
2026-05-01,2026-04-30,test,MA3 + 50% pipeline,MA3,0.5,348410680.62,328244795.42251724,419601449.2650345,North,False
2026-05-01,2026-04-30,test,SES + 0% pipeline,SES,0.0,348410680.62,235782839.4675355,419601449.2650345,North,False
2026-05-01,2026-04-30,test,SES + 25% pipeline,SES,0.25,348410680.62,281737491.91691023,419601449.2650345,North,False
2026-05-01,2026-04-30,test,SES + 50% pipeline,SES,0.5,348410680.62,327692144.36628497,419601449.2650345,North,False
2026-05-01,2026-04-30,test,Seasonal naive + 0% pipeline,Seasonal naive,0.0,348410680.62,241890458.15,419601449.2650345,North,True
2026-05-01,2026-04-30,test,Seasonal naive + 25% pipeline,Seasonal naive,0.25,348410680.62,286318205.9287586,419601449.2650345,North,False
2026-05-01,2026-04-30,test,Seasonal naive + 50% pipeline,Seasonal naive,0.5,348410680.62,330745953.70751727,419601449.2650345,North,False
2026-06-01,2026-05-31,test,MA3 + 0% pipeline,MA3,0.0,296080929.5,295642907.67,428905945.1418089,North,False
2026-06-01,2026-05-31,test,MA3 + 25% pipeline,MA3,0.25,296080929.5,328958667.03795224,428905945.1418089,North,False
2026-06-01,2026-05-31,test,MA3 + 50% pipeline,MA3,0.5,296080929.5,362274426.4059045,428905945.1418089,North,False
2026-06-01,2026-05-31,test,SES + 0% pipeline,SES,0.0,296080929.5,269571191.81327486,428905945.1418089,North,False
2026-06-01,2026-05-31,test,SES + 25% pipeline,SES,0.25,296080929.5,309404880.1454084,428905945.1418089,North,False
2026-06-01,2026-05-31,test,SES + 50% pipeline,SES,0.5,296080929.5,349238568.4775419,428905945.1418089,North,False
2026-06-01,2026-05-31,test,Seasonal naive + 0% pipeline,Seasonal naive,0.0,296080929.5,221165554.35999998,428905945.1418089,North,True
2026-06-01,2026-05-31,test,Seasonal naive + 25% pipeline,Seasonal naive,0.25,296080929.5,273100652.0554522,428905945.1418089,North,False
2026-06-01,2026-05-31,test,Seasonal naive + 50% pipeline,Seasonal naive,0.5,296080929.5,325035749.75090444,428905945.1418089,North,False
2026-07-01,2026-06-30,test,MA3 + 0% pipeline,MA3,0.0,329407962.39,297702115.28000003,438443642.89074427,North,False
2026-07-01,2026-06-30,test,MA3 + 25% pipeline,MA3,0.25,329407962.39,332887497.1826861,438443642.89074427,North,False
2026-07-01,2026-06-30,test,MA3 + 50% pipeline,MA3,0.5,329407962.39,368072879.08537215,438443642.89074427,North,False
2026-07-01,2026-06-30,test,SES + 0% pipeline,SES,0.0,329407962.39,277524113.1192924,438443642.89074427,North,False
2026-07-01,2026-06-30,test,SES + 25% pipeline,SES,0.25,329407962.39,317753995.56215537,438443642.89074427,North,False
2026-07-01,2026-06-30,test,SES + 50% pipeline,SES,0.5,329407962.39,357983878.00501835,438443642.89074427,North,False
2026-07-01,2026-06-30,test,Seasonal naive + 0% pipeline,Seasonal naive,0.0,329407962.39,337902353.21,438443642.89074427,North,True
2026-07-01,2026-06-30,test,Seasonal naive + 25% pipeline,Seasonal naive,0.25,329407962.39,363037675.630186,438443642.89074427,North,False
2026-07-01,2026-06-30,test,Seasonal naive + 50% pipeline,Seasonal naive,0.5,329407962.39,388172998.0503721,438443642.89074427,North,False
2026-08-01,2026-07-31,test,MA3 + 0% pipeline,MA3,0.0,297301371.65,324633190.83666664,440281431.6494311,North,False
2026-08-01,2026-07-31,test,MA3 + 25% pipeline,MA3,0.25,297301371.65,353545251.03985775,440281431.6494311,North,False
2026-08-01,2026-07-31,test,MA3 + 50% pipeline,MA3,0.5,297301371.65,382457311.2430489,440281431.6494311,North,False
2026-08-01,2026-07-31,test,SES + 0% pipeline,SES,0.0,297301371.65,293089267.90050465,440281431.6494311,North,False
2026-08-01,2026-07-31,test,SES + 25% pipeline,SES,0.25,297301371.65,329887308.83773625,440281431.6494311,North,False
2026-08-01,2026-07-31,test,SES + 50% pipeline,SES,0.5,297301371.65,366685349.7749679,440281431.6494311,North,False
2026-08-01,2026-07-31,test,Seasonal naive + 0% pipeline,Seasonal naive,0.0,297301371.65,273874505.67,440281431.6494311,North,True
2026-08-01,2026-07-31,test,Seasonal naive + 25% pipeline,Seasonal naive,0.25,297301371.65,315476237.16485775,440281431.6494311,North,False
2026-08-01,2026-07-31,test,Seasonal naive + 50% pipeline,Seasonal naive,0.5,297301371.65,357077968.65971553,440281431.6494311,North,False
2025-09-01,2025-08-31,validation,MA3 + 0% pipeline,MA3,0.0,244249198.73,254670003.21666667,362281532.6387141,South,False
2025-09-01,2025-08-31,validation,MA3 + 25% pipeline,MA3,0.25,244249198.73,281572885.5721785,362281532.6387141,South,False
2025-09-01,2025-08-31,validation,MA3 + 50% pipeline,MA3,0.5,244249198.73,308475767.9276904,362281532.6387141,South,False
2025-09-01,2025-08-31,validation,SES + 0% pipeline,SES,0.0,244249198.73,246618851.8830586,362281532.6387141,South,False
2025-09-01,2025-08-31,validation,SES + 25% pipeline,SES,0.25,244249198.73,275534522.0719725,362281532.6387141,South,False
2025-09-01,2025-08-31,validation,SES + 50% pipeline,SES,0.5,244249198.73,304450192.2608863,362281532.6387141,South,False
2025-09-01,2025-08-31,validation,Seasonal naive + 0% pipeline,Seasonal naive,0.0,244249198.73,204458895.7,362281532.6387141,South,False
2025-09-01,2025-08-31,validation,Seasonal naive + 25% pipeline,Seasonal naive,0.25,244249198.73,243914554.9346785,362281532.6387141,South,True
2025-09-01,2025-08-31,validation,Seasonal naive + 50% pipeline,Seasonal naive,0.5,244249198.73,283370214.16935706,362281532.6387141,South,False
2025-10-01,2025-09-30,validation,MA3 + 0% pipeline,MA3,0.0,223334146.52,246302888.85999998,327835498.44481605,South,False
2025-10-01,2025-09-30,validation,MA3 + 25% pipeline,MA3,0.25,223334146.52,266686041.256204,327835498.44481605,South,False
2025-10-01,2025-09-30,validation,MA3 + 50% pipeline,MA3,0.5,223334146.52,287069193.652408,327835498.44481605,South,False
2025-10-01,2025-09-30,validation,SES + 0% pipeline,SES,0.0,223334146.52,245907955.937141,327835498.44481605,South,False
2025-10-01,2025-09-30,validation,SES + 25% pipeline,SES,0.25,223334146.52,266389841.5640598,327835498.44481605,South,False
2025-10-01,2025-09-30,validation,SES + 50% pipeline,SES,0.5,223334146.52,286871727.1909785,327835498.44481605,South,False
2025-10-01,2025-09-30,validation,Seasonal naive + 0% pipeline,Seasonal naive,0.0,223334146.52,233589960.98,327835498.44481605,South,False
2025-10-01,2025-09-30,validation,Seasonal naive + 25% pipeline,Seasonal naive,0.25,223334146.52,257151345.34620398,327835498.44481605,South,True
2025-10-01,2025-09-30,validation,Seasonal naive + 50% pipeline,Seasonal naive,0.5,223334146.52,280712729.712408,327835498.44481605,South,False
2025-11-01,2025-10-31,validation,MA3 + 0% pipeline,MA3,0.0,238634359.62,248815380.48666665,292940779.8005715,South,False
2025-11-01,2025-10-31,validation,MA3 + 25% pipeline,MA3,0.25,238634359.62,259846730.31514287,292940779.8005715,South,False
2025-11-01,2025-10-31,validation,MA3 + 50% pipeline,MA3,0.5,238634359.62,270878080.14361906,292940779.8005715,South,False
2025-11-01,2025-10-31,validation,SES + 0% pipeline,SES,0.0,238634359.62,239135813.11199868,292940779.8005715,South,False
2025-11-01,2025-10-31,validation,SES + 25% pipeline,SES,0.25,238634359.62,252587054.7841419,292940779.8005715,South,False
2025-11-01,2025-10-31,validation,SES + 50% pipeline,SES,0.5,238634359.62,266038296.4562851,292940779.8005715,South,False
2025-11-01,2025-10-31,validation,Seasonal naive + 0% pipeline,Seasonal naive,0.0,238634359.62,182343927.52,292940779.8005715,South,False
2025-11-01,2025-10-31,validation,Seasonal naive + 25% pipeline,Seasonal naive,0.25,238634359.62,209993140.5901429,292940779.8005715,South,True
2025-11-01,2025-10-31,validation,Seasonal naive + 50% pipeline,Seasonal naive,0.5,238634359.62,237642353.66028577,292940779.8005715,South,False
2025-12-01,2025-11-30,validation,MA3 + 0% pipeline,MA3,0.0,179666482.49,235405901.62333333,262511791.12482587,South,False
2025-12-01,2025-11-30,validation,MA3 + 25% pipeline,MA3,0.25,179666482.49,242182373.99870646,262511791.12482587,South,False
2025-12-01,2025-11-30,validation,MA3 + 50% pipeline,MA3,0.5,179666482.49,248958846.37407959,262511791.12482587,South,False
2025-12-01,2025-11-30,validation,SES + 0% pipeline,SES,0.0,179666482.49,238985377.06439906,262511791.12482587,South,False
2025-12-01,2025-11-30,validation,SES + 25% pipeline,SES,0.25,179666482.49,244866980.57950577,262511791.12482587,South,False
2025-12-01,2025-11-30,validation,SES + 50% pipeline,SES,0.5,179666482.49,250748584.09461248,262511791.12482587,South,False
2025-12-01,2025-11-30,validation,Seasonal naive + 0% pipeline,Seasonal naive,0.0,179666482.49,199059128.47,262511791.12482587,South,False
2025-12-01,2025-11-30,validation,Seasonal naive + 25% pipeline,Seasonal naive,0.25,179666482.49,214922294.13370645,262511791.12482587,South,True
2025-12-01,2025-11-30,validation,Seasonal naive + 50% pipeline,Seasonal naive,0.5,179666482.49,230785459.79741293,262511791.12482587,South,False
2026-01-01,2025-12-31,validation,MA3 + 0% pipeline,MA3,0.0,161331517.71,213878329.54333332,283520558.3255354,South,False
2026-01-01,2025-12-31,validation,MA3 + 25% pipeline,MA3,0.25,161331517.71,231288886.73888385,283520558.3255354,South,False
2026-01-01,2025-12-31,validation,MA3 + 50% pipeline,MA3,0.5,161331517.71,248699443.93443435,283520558.3255354,South,False
2026-01-01,2025-12-31,validation,SES + 0% pipeline,SES,0.0,161331517.71,221189708.69207934,283520558.3255354,South,False
2026-01-01,2025-12-31,validation,SES + 25% pipeline,SES,0.25,161331517.71,236772421.10044336,283520558.3255354,South,False
2026-01-01,2025-12-31,validation,SES + 50% pipeline,SES,0.5,161331517.71,252355133.50880736,283520558.3255354,South,False
2026-01-01,2025-12-31,validation,Seasonal naive + 0% pipeline,Seasonal naive,0.0,161331517.71,168581860.63,283520558.3255354,South,False
2026-01-01,2025-12-31,validation,Seasonal naive + 25% pipeline,Seasonal naive,0.25,161331517.71,197316535.05388385,283520558.3255354,South,True
2026-01-01,2025-12-31,validation,Seasonal naive + 50% pipeline,Seasonal naive,0.5,161331517.71,226051209.4777677,283520558.3255354,South,False
2026-02-01,2026-01-31,validation,MA3 + 0% pipeline,MA3,0.0,200300365.46,193210786.60666668,285534956.1263957,South,False
2026-02-01,2026-01-31,validation,MA3 + 25% pipeline,MA3,0.25,200300365.46,216291828.98659894,285534956.1263957,South,False
2026-02-01,2026-01-31,validation,MA3 + 50% pipeline,MA3,0.5,200300365.46,239372871.3665312,285534956.1263957,South,False
2026-02-01,2026-01-31,validation,SES + 0% pipeline,SES,0.0,200300365.46,203232251.3974555,285534956.1263957,South,False
2026-02-01,2026-01-31,validation,SES + 25% pipeline,SES,0.25,200300365.46,223807927.57969058,285534956.1263957,South,False
2026-02-01,2026-01-31,validation,SES + 50% pipeline,SES,0.5,200300365.46,244383603.7619256,285534956.1263957,South,False
2026-02-01,2026-01-31,validation,Seasonal naive + 0% pipeline,Seasonal naive,0.0,200300365.46,182134763.01,285534956.1263957,South,False
2026-02-01,2026-01-31,validation,Seasonal naive + 25% pipeline,Seasonal naive,0.25,200300365.46,207984811.28909892,285534956.1263957,South,True
2026-02-01,2026-01-31,validation,Seasonal naive + 50% pipeline,Seasonal naive,0.5,200300365.46,233834859.56819785,285534956.1263957,South,False
2026-03-01,2026-02-28,test,MA3 + 0% pipeline,MA3,0.0,223976740.1,180432788.55333337,352790411.7617031,South,False
2026-03-01,2026-02-28,test,MA3 + 25% pipeline,MA3,0.25,223976740.1,223522194.35542578,352790411.7617031,South,False
2026-03-01,2026-02-28,test,MA3 + 50% pipeline,MA3,0.5,223976740.1,266611600.1575182,352790411.7617031,South,False
2026-03-01,2026-02-28,test,SES + 0% pipeline,SES,0.0,223976740.1,202352685.61621886,352790411.7617031,South,False
2026-03-01,2026-02-28,test,SES + 25% pipeline,SES,0.25,223976740.1,239962117.15258992,352790411.7617031,South,False
2026-03-01,2026-02-28,test,SES + 50% pipeline,SES,0.5,223976740.1,277571548.68896097,352790411.7617031,South,False
2026-03-01,2026-02-28,test,Seasonal naive + 0% pipeline,Seasonal naive,0.0,223976740.1,164999573.53,352790411.7617031,South,False
2026-03-01,2026-02-28,test,Seasonal naive + 25% pipeline,Seasonal naive,0.25,223976740.1,211947283.0879258,352790411.7617031,South,True
2026-03-01,2026-02-28,test,Seasonal naive + 50% pipeline,Seasonal naive,0.5,223976740.1,258894992.64585155,352790411.7617031,South,False
2026-04-01,2026-03-31,test,MA3 + 0% pipeline,MA3,0.0,245863560.56,195202874.42333332,354351008.86231804,South,False
2026-04-01,2026-03-31,test,MA3 + 25% pipeline,MA3,0.25,245863560.56,234989908.0330795,354351008.86231804,South,False
2026-04-01,2026-03-31,test,MA3 + 50% pipeline,MA3,0.5,245863560.56,274776941.64282566,354351008.86231804,South,False
2026-04-01,2026-03-31,test,SES + 0% pipeline,SES,0.0,245863560.56,208839901.96135318,354351008.86231804,South,False
2026-04-01,2026-03-31,test,SES + 25% pipeline,SES,0.25,245863560.56,245217678.6865944,354351008.86231804,South,False
2026-04-01,2026-03-31,test,SES + 50% pipeline,SES,0.5,245863560.56,281595455.4118356,354351008.86231804,South,False
2026-04-01,2026-03-31,test,Seasonal naive + 0% pipeline,Seasonal naive,0.0,245863560.56,243233785.78,354351008.86231804,South,False
2026-04-01,2026-03-31,test,Seasonal naive + 25% pipeline,Seasonal naive,0.25,245863560.56,271013091.55057955,354351008.86231804,South,True
2026-04-01,2026-03-31,test,Seasonal naive + 50% pipeline,Seasonal naive,0.5,245863560.56,298792397.321159,354351008.86231804,South,False
2026-05-01,2026-04-30,test,MA3 + 0% pipeline,MA3,0.0,275968365.9,223380222.04,372001787.9631658,South,False
2026-05-01,2026-04-30,test,MA3 + 25% pipeline,MA3,0.25,275968365.9,260535613.52079147,372001787.9631658,South,False
2026-05-01,2026-04-30,test,MA3 + 50% pipeline,MA3,0.5,275968365.9,297691005.0015829,372001787.9631658,South,False
2026-05-01,2026-04-30,test,SES + 0% pipeline,SES,0.0,275968365.9,219946999.5409472,372001787.9631658,South,False
2026-05-01,2026-04-30,test,SES + 25% pipeline,SES,0.25,275968365.9,257960696.64650184,372001787.9631658,South,False
2026-05-01,2026-04-30,test,SES + 50% pipeline,SES,0.5,275968365.9,295974393.7520565,372001787.9631658,South,False
2026-05-01,2026-04-30,test,Seasonal naive + 0% pipeline,Seasonal naive,0.0,275968365.9,287963458.94,372001787.9631658,South,False
2026-05-01,2026-04-30,test,Seasonal naive + 25% pipeline,Seasonal naive,0.25,275968365.9,308973041.1957914,372001787.9631658,South,True
2026-05-01,2026-04-30,test,Seasonal naive + 50% pipeline,Seasonal naive,0.5,275968365.9,329982623.4515829,372001787.9631658,South,False
2026-06-01,2026-05-31,test,MA3 + 0% pipeline,MA3,0.0,304216420.22,248602888.85333332,422411424.19774383,South,False
2026-06-01,2026-05-31,test,MA3 + 25% pipeline,MA3,0.25,304216420.22,292055022.68943596,422411424.19774383,South,False
2026-06-01,2026-05-31,test,MA3 + 50% pipeline,MA3,0.5,304216420.22,335507156.52553856,422411424.19774383,South,False
2026-06-01,2026-05-31,test,SES + 0% pipeline,SES,0.0,304216420.22,236753409.448663,422411424.19774383,South,False
2026-06-01,2026-05-31,test,SES + 25% pipeline,SES,0.25,304216420.22,283167913.1359332,422411424.19774383,South,False
2026-06-01,2026-05-31,test,SES + 50% pipeline,SES,0.5,304216420.22,329582416.82320344,422411424.19774383,South,False
2026-06-01,2026-05-31,test,Seasonal naive + 0% pipeline,Seasonal naive,0.0,304216420.22,269350541.8,422411424.19774383,South,False
2026-06-01,2026-05-31,test,Seasonal naive + 25% pipeline,Seasonal naive,0.25,304216420.22,307615762.399436,422411424.19774383,South,True
2026-06-01,2026-05-31,test,Seasonal naive + 50% pipeline,Seasonal naive,0.5,304216420.22,345880982.9988719,422411424.19774383,South,False
2026-07-01,2026-06-30,test,MA3 + 0% pipeline,MA3,0.0,317155385.2,275349448.8933334,440155549.1914593,South,False
2026-07-01,2026-06-30,test,MA3 + 25% pipeline,MA3,0.25,317155385.2,316550973.9678649,440155549.1914593,South,False
2026-07-01,2026-06-30,test,MA3 + 50% pipeline,MA3,0.5,317155385.2,357752499.0423963,440155549.1914593,South,False
2026-07-01,2026-06-30,test,SES + 0% pipeline,SES,0.0,317155385.2,256992312.68006408,440155549.1914593,South,False
2026-07-01,2026-06-30,test,SES + 25% pipeline,SES,0.25,317155385.2,302783121.8079129,440155549.1914593,South,False
2026-07-01,2026-06-30,test,SES + 50% pipeline,SES,0.5,317155385.2,348573930.9357617,440155549.1914593,South,False
2026-07-01,2026-06-30,test,Seasonal naive + 0% pipeline,Seasonal naive,0.0,317155385.2,215796671.64,440155549.1914593,South,False
2026-07-01,2026-06-30,test,Seasonal naive + 25% pipeline,Seasonal naive,0.25,317155385.2,271886391.0278648,440155549.1914593,South,True
2026-07-01,2026-06-30,test,Seasonal naive + 50% pipeline,Seasonal naive,0.5,317155385.2,327976110.41572964,440155549.1914593,South,False
2026-08-01,2026-07-31,test,MA3 + 0% pipeline,MA3,0.0,295432989.27,299113390.44,405748534.03667974,South,False
2026-08-01,2026-07-31,test,MA3 + 25% pipeline,MA3,0.25,295432989.27,325772176.3391699,405748534.03667974,South,False
2026-08-01,2026-07-31,test,MA3 + 50% pipeline,MA3,0.5,295432989.27,352430962.2383399,405748534.03667974,South,False
2026-08-01,2026-07-31,test,SES + 0% pipeline,SES,0.0,295432989.27,275041234.4360448,405748534.03667974,South,False
2026-08-01,2026-07-31,test,SES + 25% pipeline,SES,0.25,295432989.27,307718059.3362036,405748534.03667974,South,False
2026-08-01,2026-07-31,test,SES + 50% pipeline,SES,0.5,295432989.27,340394884.2363623,405748534.03667974,South,False
2026-08-01,2026-07-31,test,Seasonal naive + 0% pipeline,Seasonal naive,0.0,295432989.27,278862796.21,405748534.03667974,South,False
2026-08-01,2026-07-31,test,Seasonal naive + 25% pipeline,Seasonal naive,0.25,295432989.27,310584230.6666699,405748534.03667974,South,True
2026-08-01,2026-07-31,test,Seasonal naive + 50% pipeline,Seasonal naive,0.5,295432989.27,342305665.1233399,405748534.03667974,South,False
2025-09-01,2025-08-31,validation,MA3 + 0% pipeline,MA3,0.0,282083482.83,253987015.75,353753879.9479779,West,False
2025-09-01,2025-08-31,validation,MA3 + 25% pipeline,MA3,0.25,282083482.83,278928731.7994945,353753879.9479779,West,False
2025-09-01,2025-08-31,validation,MA3 + 50% pipeline,MA3,0.5,282083482.83,303870447.84898895,353753879.9479779,West,False
2025-09-01,2025-08-31,validation,SES + 0% pipeline,SES,0.0,282083482.83,244466424.85335535,353753879.9479779,West,False
2025-09-01,2025-08-31,validation,SES + 25% pipeline,SES,0.25,282083482.83,271788288.62701094,353753879.9479779,West,False
2025-09-01,2025-08-31,validation,SES + 50% pipeline,SES,0.5,282083482.83,299110152.4006666,353753879.9479779,West,False
2025-09-01,2025-08-31,validation,Seasonal naive + 0% pipeline,Seasonal naive,0.0,282083482.83,210186136.77,353753879.9479779,West,True
2025-09-01,2025-08-31,validation,Seasonal naive + 25% pipeline,Seasonal naive,0.25,282083482.83,246078072.5644945,353753879.9479779,West,False
2025-09-01,2025-08-31,validation,Seasonal naive + 50% pipeline,Seasonal naive,0.5,282083482.83,281970008.35898894,353753879.9479779,West,False
2025-10-01,2025-09-30,validation,MA3 + 0% pipeline,MA3,0.0,228472747.97,264859320.89000002,362725706.1257613,West,False
2025-10-01,2025-09-30,validation,MA3 + 25% pipeline,MA3,0.25,228472747.97,289325917.19894034,362725706.1257613,West,False
2025-10-01,2025-09-30,validation,MA3 + 50% pipeline,MA3,0.5,228472747.97,313792513.5078806,362725706.1257613,West,False
2025-10-01,2025-09-30,validation,SES + 0% pipeline,SES,0.0,228472747.97,255751542.24634874,362725706.1257613,West,False
2025-10-01,2025-09-30,validation,SES + 25% pipeline,SES,0.25,228472747.97,282495083.2162019,362725706.1257613,West,False
2025-10-01,2025-09-30,validation,SES + 50% pipeline,SES,0.5,228472747.97,309238624.186055,362725706.1257613,West,False
2025-10-01,2025-09-30,validation,Seasonal naive + 0% pipeline,Seasonal naive,0.0,228472747.97,246675980.29,362725706.1257613,West,True
2025-10-01,2025-09-30,validation,Seasonal naive + 25% pipeline,Seasonal naive,0.25,228472747.97,275688411.74894035,362725706.1257613,West,False
2025-10-01,2025-09-30,validation,Seasonal naive + 50% pipeline,Seasonal naive,0.5,228472747.97,304700843.2078806,362725706.1257613,West,False
2025-11-01,2025-10-31,validation,MA3 + 0% pipeline,MA3,0.0,242707859.12,258691935.4,376490145.6671021,West,False
2025-11-01,2025-10-31,validation,MA3 + 25% pipeline,MA3,0.25,242707859.12,288141487.96677554,376490145.6671021,West,False
2025-11-01,2025-10-31,validation,MA3 + 50% pipeline,MA3,0.5,242707859.12,317591040.53355104,376490145.6671021,West,False
2025-11-01,2025-10-31,validation,SES + 0% pipeline,SES,0.0,242707859.12,247567903.9634441,376490145.6671021,West,False
2025-11-01,2025-10-31,validation,SES + 25% pipeline,SES,0.25,242707859.12,279798464.38935864,376490145.6671021,West,False
2025-11-01,2025-10-31,validation,SES + 50% pipeline,SES,0.5,242707859.12,312029024.8152731,376490145.6671021,West,False
2025-11-01,2025-10-31,validation,Seasonal naive + 0% pipeline,Seasonal naive,0.0,242707859.12,211912546.26,376490145.6671021,West,True
2025-11-01,2025-10-31,validation,Seasonal naive + 25% pipeline,Seasonal naive,0.25,242707859.12,253056946.11177552,376490145.6671021,West,False
2025-11-01,2025-10-31,validation,Seasonal naive + 50% pipeline,Seasonal naive,0.5,242707859.12,294201345.96355104,376490145.6671021,West,False
2025-12-01,2025-11-30,validation,MA3 + 0% pipeline,MA3,0.0,198052452.14,251088029.97333333,320567768.5458274,West,False
2025-12-01,2025-11-30,validation,MA3 + 25% pipeline,MA3,0.25,198052452.14,268457964.61645687,320567768.5458274,West,False
2025-12-01,2025-11-30,validation,MA3 + 50% pipeline,MA3,0.5,198052452.14,285827899.2595804,320567768.5458274,West,False
2025-12-01,2025-11-30,validation,SES + 0% pipeline,SES,0.0,198052452.14,246109890.51041088,320567768.5458274,West,False
2025-12-01,2025-11-30,validation,SES + 25% pipeline,SES,0.25,198052452.14,264724360.019265,320567768.5458274,West,False
2025-12-01,2025-11-30,validation,SES + 50% pipeline,SES,0.5,198052452.14,283338829.52811915,320567768.5458274,West,False
2025-12-01,2025-11-30,validation,Seasonal naive + 0% pipeline,Seasonal naive,0.0,198052452.14,190095100.39,320567768.5458274,West,True
2025-12-01,2025-11-30,validation,Seasonal naive + 25% pipeline,Seasonal naive,0.25,198052452.14,222713267.42895684,320567768.5458274,West,False
2025-12-01,2025-11-30,validation,Seasonal naive + 50% pipeline,Seasonal naive,0.5,198052452.14,255331434.4679137,320567768.5458274,West,False
2026-01-01,2025-12-31,validation,MA3 + 0% pipeline,MA3,0.0,200168268.87,223077686.41,319292118.53315514,West,False
2026-01-01,2025-12-31,validation,MA3 + 25% pipeline,MA3,0.25,200168268.87,247131294.4407888,319292118.53315514,West,False
2026-01-01,2025-12-31,validation,MA3 + 50% pipeline,MA3,0.5,200168268.87,271184902.4715776,319292118.53315514,West,False
2026-01-01,2025-12-31,validation,SES + 0% pipeline,SES,0.0,200168268.87,231692658.9992876,319292118.53315514,West,False
2026-01-01,2025-12-31,validation,SES + 25% pipeline,SES,0.25,200168268.87,253592523.8827545,319292118.53315514,West,False
2026-01-01,2025-12-31,validation,SES + 50% pipeline,SES,0.5,200168268.87,275492388.7662214,319292118.53315514,West,False
2026-01-01,2025-12-31,validation,Seasonal naive + 0% pipeline,Seasonal naive,0.0,200168268.87,240687171.14000002,319292118.53315514,West,True
2026-01-01,2025-12-31,validation,Seasonal naive + 25% pipeline,Seasonal naive,0.25,200168268.87,260338407.98828882,319292118.53315514,West,False
2026-01-01,2025-12-31,validation,Seasonal naive + 50% pipeline,Seasonal naive,0.5,200168268.87,279989644.8365776,319292118.53315514,West,False
2026-02-01,2026-01-31,validation,MA3 + 0% pipeline,MA3,0.0,185720654.84,213642860.04333332,310782944.568974,West,False
2026-02-01,2026-01-31,validation,MA3 + 25% pipeline,MA3,0.25,185720654.84,237927881.1747435,310782944.568974,West,False
2026-02-01,2026-01-31,validation,MA3 + 50% pipeline,MA3,0.5,185720654.84,262212902.30615366,310782944.568974,West,False
2026-02-01,2026-01-31,validation,SES + 0% pipeline,SES,0.0,185720654.84,222235341.9605013,310782944.568974,West,False
2026-02-01,2026-01-31,validation,SES + 25% pipeline,SES,0.25,185720654.84,244372242.6126195,310782944.568974,West,False
2026-02-01,2026-01-31,validation,SES + 50% pipeline,SES,0.5,185720654.84,266509143.26473767,310782944.568974,West,False
2026-02-01,2026-01-31,validation,Seasonal naive + 0% pipeline,Seasonal naive,0.0,185720654.84,198099938.1,310782944.568974,West,True
2026-02-01,2026-01-31,validation,Seasonal naive + 25% pipeline,Seasonal naive,0.25,185720654.84,226270689.7172435,310782944.568974,West,False
2026-02-01,2026-01-31,validation,Seasonal naive + 50% pipeline,Seasonal naive,0.5,185720654.84,254441441.33448702,310782944.568974,West,False
2026-03-01,2026-02-28,test,MA3 + 0% pipeline,MA3,0.0,268137547.44,194647125.28333333,334363342.29317737,West,False
2026-03-01,2026-02-28,test,MA3 + 25% pipeline,MA3,0.25,268137547.44,229576179.53579435,334363342.29317737,West,False
2026-03-01,2026-02-28,test,MA3 + 50% pipeline,MA3,0.5,268137547.44,264505233.78825533,334363342.29317737,West,False
2026-03-01,2026-02-28,test,SES + 0% pipeline,SES,0.0,268137547.44,211280935.8243509,334363342.29317737,West,False
2026-03-01,2026-02-28,test,SES + 25% pipeline,SES,0.25,268137547.44,242051537.44155753,334363342.29317737,West,False
2026-03-01,2026-02-28,test,SES + 50% pipeline,SES,0.5,268137547.44,272822139.0587641,334363342.29317737,West,False
2026-03-01,2026-02-28,test,Seasonal naive + 0% pipeline,Seasonal naive,0.0,268137547.44,200394795.3,334363342.29317737,West,True
2026-03-01,2026-02-28,test,Seasonal naive + 25% pipeline,Seasonal naive,0.25,268137547.44,233886932.04829437,334363342.29317737,West,False
2026-03-01,2026-02-28,test,Seasonal naive + 50% pipeline,Seasonal naive,0.5,268137547.44,267379068.7965887,334363342.29317737,West,False
2026-04-01,2026-03-31,test,MA3 + 0% pipeline,MA3,0.0,237881075.0,218008823.7166667,335004272.8860312,West,False
2026-04-01,2026-03-31,test,MA3 + 25% pipeline,MA3,0.25,237881075.0,247257686.0090078,335004272.8860312,West,False
2026-04-01,2026-03-31,test,MA3 + 50% pipeline,MA3,0.5,237881075.0,276506548.3013489,335004272.8860312,West,False
2026-04-01,2026-03-31,test,SES + 0% pipeline,SES,0.0,237881075.0,228337919.3090456,335004272.8860312,West,False
2026-04-01,2026-03-31,test,SES + 25% pipeline,SES,0.25,237881075.0,255004507.703292,335004272.8860312,West,False
2026-04-01,2026-03-31,test,SES + 50% pipeline,SES,0.5,237881075.0,281671096.0975384,335004272.8860312,West,False
2026-04-01,2026-03-31,test,Seasonal naive + 0% pipeline,Seasonal naive,0.0,237881075.0,209913901.46,335004272.8860312,West,True
2026-04-01,2026-03-31,test,Seasonal naive + 25% pipeline,Seasonal naive,0.25,237881075.0,241186494.31650782,335004272.8860312,West,False
2026-04-01,2026-03-31,test,Seasonal naive + 50% pipeline,Seasonal naive,0.5,237881075.0,272459087.1730156,335004272.8860312,West,False
2026-05-01,2026-04-30,test,MA3 + 0% pipeline,MA3,0.0,297057283.68,230579759.09333333,402592540.2413692,West,False
2026-05-01,2026-04-30,test,MA3 + 25% pipeline,MA3,0.25,297057283.68,273582954.3803423,402592540.2413692,West,False
2026-05-01,2026-04-30,test,MA3 + 50% pipeline,MA3,0.5,297057283.68,316586149.66735125,402592540.2413692,West,False
2026-05-01,2026-04-30,test,SES + 0% pipeline,SES,0.0,297057283.68,231200866.0163319,402592540.2413692,West,False
2026-05-01,2026-04-30,test,SES + 25% pipeline,SES,0.25,297057283.68,274048784.57259125,402592540.2413692,West,False
2026-05-01,2026-04-30,test,SES + 50% pipeline,SES,0.5,297057283.68,316896703.1288506,402592540.2413692,West,False
2026-05-01,2026-04-30,test,Seasonal naive + 0% pipeline,Seasonal naive,0.0,297057283.68,249978361.63,402592540.2413692,West,True
2026-05-01,2026-04-30,test,Seasonal naive + 25% pipeline,Seasonal naive,0.25,297057283.68,288131906.2828423,402592540.2413692,West,False
2026-05-01,2026-04-30,test,Seasonal naive + 50% pipeline,Seasonal naive,0.5,297057283.68,326285450.93568456,402592540.2413692,West,False
2026-06-01,2026-05-31,test,MA3 + 0% pipeline,MA3,0.0,310343330.43,267691968.70666668,430436331.4969951,West,False
2026-06-01,2026-05-31,test,MA3 + 25% pipeline,MA3,0.25,310343330.43,308378059.4042488,430436331.4969951,West,False
2026-06-01,2026-05-31,test,MA3 + 50% pipeline,MA3,0.5,310343330.43,349064150.1018309,430436331.4969951,West,False
2026-06-01,2026-05-31,test,SES + 0% pipeline,SES,0.0,310343330.43,250957791.31543234,430436331.4969951,West,False
2026-06-01,2026-05-31,test,SES + 25% pipeline,SES,0.25,310343330.43,295827426.36082304,430436331.4969951,West,False
2026-06-01,2026-05-31,test,SES + 50% pipeline,SES,0.5,310343330.43,340697061.4062137,430436331.4969951,West,False
2026-06-01,2026-05-31,test,Seasonal naive + 0% pipeline,Seasonal naive,0.0,310343330.43,249466567.41,430436331.4969951,West,True
2026-06-01,2026-05-31,test,Seasonal naive + 25% pipeline,Seasonal naive,0.25,310343330.43,294709008.43174875,430436331.4969951,West,False
2026-06-01,2026-05-31,test,Seasonal naive + 50% pipeline,Seasonal naive,0.5,310343330.43,339951449.4534975,430436331.4969951,West,False
2026-07-01,2026-06-30,test,MA3 + 0% pipeline,MA3,0.0,303962127.59,281760563.0366667,448098327.5768111,West,False
2026-07-01,2026-06-30,test,MA3 + 25% pipeline,MA3,0.25,303962127.59,323345004.1717028,448098327.5768111,West,False
2026-07-01,2026-06-30,test,MA3 + 50% pipeline,MA3,0.5,303962127.59,364929445.30673885,448098327.5768111,West,False
2026-07-01,2026-06-30,test,SES + 0% pipeline,SES,0.0,303962127.59,268773453.0498026,448098327.5768111,West,False
2026-07-01,2026-06-30,test,SES + 25% pipeline,SES,0.25,303962127.59,313604671.68155473,448098327.5768111,West,False
2026-07-01,2026-06-30,test,SES + 50% pipeline,SES,0.5,303962127.59,358435890.3133068,448098327.5768111,West,False
2026-07-01,2026-06-30,test,Seasonal naive + 0% pipeline,Seasonal naive,0.0,303962127.59,246974904.44,448098327.5768111,West,True
2026-07-01,2026-06-30,test,Seasonal naive + 25% pipeline,Seasonal naive,0.25,303962127.59,297255760.22420275,448098327.5768111,West,False
2026-07-01,2026-06-30,test,Seasonal naive + 50% pipeline,Seasonal naive,0.5,303962127.59,347536616.00840557,448098327.5768111,West,False
2026-08-01,2026-07-31,test,MA3 + 0% pipeline,MA3,0.0,309975414.02,303787580.56666666,452855585.6198626,West,False
2026-08-01,2026-07-31,test,MA3 + 25% pipeline,MA3,0.25,309975414.02,341054581.82996565,452855585.6198626,West,False
2026-08-01,2026-07-31,test,MA3 + 50% pipeline,MA3,0.5,309975414.02,378321583.09326464,452855585.6198626,West,False
2026-08-01,2026-07-31,test,SES + 0% pipeline,SES,0.0,309975414.02,279330055.4118618,452855585.6198626,West,False
2026-08-01,2026-07-31,test,SES + 25% pipeline,SES,0.25,309975414.02,322711437.963862,452855585.6198626,West,False
2026-08-01,2026-07-31,test,SES + 50% pipeline,SES,0.5,309975414.02,366092820.5158622,452855585.6198626,West,False
2026-08-01,2026-07-31,test,Seasonal naive + 0% pipeline,Seasonal naive,0.0,309975414.02,265519575.4,452855585.6198626,West,True
2026-08-01,2026-07-31,test,Seasonal naive + 25% pipeline,Seasonal naive,0.25,309975414.02,312353577.95496565,452855585.6198626,West,False
2026-08-01,2026-07-31,test,Seasonal naive + 50% pipeline,Seasonal naive,0.5,309975414.02,359187580.5099313,452855585.6198626,West,False
